,n_episodes,n_p0_wins,n_p1_wins,p0_win_rate,p1_win_rate,p0_time_per_game,p1_time_per_game,p0_time_per_turn,p1_time_per_turn,p0_score_count,p0_score_mean,p0_score_std,p0_score_min,p0_score_25%,p0_score_50%,p0_score_75%,p0_score_max,p1_score_count,p1_score_mean,p1_score_std,p1_score_min,p1_score_25%,p1_score_50%,p1_score_75%,p1_score_max
0,15,7,8,0.4666666666666667,0.5333333333333333,21.187128460000775,21.311890906658178,0.7109774651006971,0.7056917518760987,15.0,12.666666666666666,4.287301293465667,7.0,9.0,12.0,14.5,21.0,15.0,12.333333333333334,4.287301293465667,4.0,10.5,13.0,16.0,18.0
