n_episodes,n_p0_wins,n_p1_wins,p0_win_rate,p0_score_count,p0_score_mean,p0_score_std,p0_score_min,p0_score_25%,p0_score_50%,p0_score_75%,p0_score_max,p1_score_count,p1_score_mean,p1_score_std,p1_score_min,p1_score_25%,p1_score_50%,p1_score_75%,p1_score_max
<<<<<<< HEAD
500,226,274,0.452,500.0,12.606,7.315038179472084,0.0,6.0,11.0,19.0,25.0,500.0,12.394,7.315038179472084,0.0,6.0,14.0,19.0,25.0
=======
500,447,53,0.894,500.0,12.11,7.056734017233465,0.0,6.0,13.0,18.0,25.0,500.0,12.89,7.056734017233465,0.0,7.0,12.0,19.0,25.0
>>>>>>> 8eb49f4cfbc67444fc8efcf8517305a5b601f169
