,n_episodes,n_p0_wins,n_p1_wins,p0_win_rate,p1_win_rate,p0_time_per_game,p1_time_per_game,p0_time_per_turn,p1_time_per_turn,p0_score_count,p0_score_mean,p0_score_std,p0_score_min,p0_score_25%,p0_score_50%,p0_score_75%,p0_score_max,p1_score_count,p1_score_mean,p1_score_std,p1_score_min,p1_score_25%,p1_score_50%,p1_score_75%,p1_score_max
0,30,13,17,0.43333333333333335,0.5666666666666667,15.159162289995583,19.85219780000722,0.5185574329530986,0.6452501993501806,30.0,11.933333333333334,5.145693434274941,4.0,8.0,11.0,17.0,21.0,30.0,13.066666666666666,5.145693434274941,4.0,8.0,14.0,17.0,21.0
