,mean,std,min,max,count
p0_nodes,5728.429752066116,9410.311542981684,0.0,43008.0,121
p0_cutoffs,1919.809917355372,3752.3706012543385,0.0,18827.0,121
p0_tt_hits,574.198347107438,1249.8838069622147,0.0,6713.0,121
p0_tt_cutoffs,383.08264462809916,889.0315613839633,0.0,4955.0,121
p1_nodes,10238.142259414226,12349.426158328706,74.0,65501.0,239
p1_cutoffs,4493.259414225941,6034.108453458702,0.0,30685.0,239
p1_tt_hits,2577.652719665272,3309.7180745424307,0.0,13180.0,239
p1_tt_cutoffs,1734.3514644351465,2346.652285193198,0.0,9842.0,239
